{
  "version": "VERSION 1.2",
  "result": [
    {
      "post_id": "post6374630",
      "ranking_position": 1,
      "popularity_score": 4.13245
    },
    {
      "post_id": "post6374631",
      "ranking_position": 2,
      "popularity_score": 3.33
    },
    {
      "post_id": "post6374632",
      "ranking_position": 3,
      "popularity_score": 2.122
    },
    {
      "post_id": "post6374633",
      "ranking_position": 4,
      "popularity_score": 1.33
    },
    {
      "post_id": "post3637373",
      "ranking_position": 5,
      "popularity_score": 0.12
    }
  ],
  "external_data": {
    "used": "true",
    "details": "VGG-19 pre-trained on ImageNet training set"
  }
}